<?xml version="1.0" encoding="UTF-8"?>
<launch4jConfig>
  <dontWrapJar>false</dontWrapJar>
  <headerType>gui</headerType>
  <jar>C:\Dev\inJ-folder\AddressBookGUI\out\artifacts\AddressBookGUI_jar\AddressBookGUI.jar</jar>
  <outfile>C:\Dev\inJ-folder\AddressBookGUI\AddressBookGUI-exeFile\AddressBookGUI-jbr8.exe</outfile>
  <errTitle></errTitle>
  <cmdLine></cmdLine>
  <chdir>.</chdir>
  <priority>normal</priority>
  <downloadUrl></downloadUrl>
  <supportUrl></supportUrl>
  <stayAlive>false</stayAlive>
  <restartOnCrash>false</restartOnCrash>
  <manifest></manifest>
  <icon></icon>
  <jre>
    <path>%JAVA_HOME%;%PATH%</path>
    <requiresJdk>false</requiresJdk>
    <requires64Bit>false</requires64Bit>
    <minVersion>8</minVersion>
    <maxVersion></maxVersion>
  </jre>
</launch4jConfig>